{"highest_credit_score": 620, "lowest_debt": 0, "highest_income": 171620.14811163643, "highest_lender_capital": 998000.0, "lowest_default_rate": 0.0, "optimal_interest_rate": 0.04705271356280972, "optimal credit score": 620.0, "optimal income": 130942.9918267896, "optimal debt": 15325.0}