{
    "highest_credit_score": 850,
    "lowest_debt": 0,
    "highest_income": 60330.778276064186,
    "highest_lender_capital": 1012696.486095911,
    "lowest_default_rate": 0.0,
    "optimal_interest_rate": 0.030748836045553854,
    "optimal credit score": 684.35,
    "optimal income": 60330.778276064186,
    "optimal debt": 5340.823010571407
}