{
    "highest_credit_score": 850,
    "lowest_debt": 0,
    "highest_income": 82234.90215313643,
    "highest_lender_capital": 1020761.6598999003,
    "lowest_default_rate": 0,
    "optimal_interest_rate": 0.0561353055948168,
    "optimal credit score": 695.5,
    "optimal income": 82234.90215313643,
    "optimal debt": 12879.726094156786
}